<?xml version="1.0"?>
<!--<!DOCTYPE metadata SYSTEM "http://www.esri.com/metadata/esriprof80.dtd">-->
<metadata xml:lang="en"><Esri><MetaID>{C9F4429C-42DC-49DD-BAB3-D7DF638F996A}</MetaID><CreaDate>20100721</CreaDate><CreaTime>11325900</CreaTime><SyncOnce>TRUE</SyncOnce><DataProperties><lineage><Process ToolSource="C:\Program Files\ArcGIS\ArcToolbox\Toolboxes\Data Management Tools.tbx\DeleteField" Date="20100721" Time="113259">DeleteField FinalForPopChange ObjectID;SUB_REGION;STATE_ABBR;POP2007;POP00_SQMI;POP07_SQMI;WHITE;BLACK;AMERI_ES;ASIAN;HAWN_PI;OTHER;MULT_RACE;HISPANIC;MALES;FEMALES;AGE_UNDER5;AGE_5_17;AGE_18_21;AGE_22_29;AGE_30_39;AGE_40_49;AGE_50_64;AGE_65_UP;MED_AGE;MED_AGE_M;MED_AGE_F;HOUSEHOLDS;AVE_HH_SZ;HSEHLD_1_M;HSEHLD_1_F;MARHH_CHD;MARHH_NO_C;MHH_CHILD;FHH_CHILD;FAMILIES;AVE_FAM_SZ;HSE_UNITS;VACANT;OWNER_OCC;RENTER_OCC;NO_FARMS97;AVG_SIZE97;CROP_ACR97;AVG_SALE97;SQMI;NFIPS;C00TC08;C90T00;C80T90;SNAME;P1980;P1990;P2000;P2008;FIPS;KEY;OID_;SNAME_1;junk;KEY_1;OID_1;STATE_FI_1;STATE_AB_1 FinalForPopChange</Process></lineage></DataProperties></Esri></metadata>
