<?xml version="1.0"?>
<!--<!DOCTYPE metadata SYSTEM "http://www.esri.com/metadata/esriprof80.dtd">-->
<metadata xml:lang="en"><Esri><CreaDate>20110201</CreaDate><CreaTime>14564900</CreaTime><SyncOnce>TRUE</SyncOnce><DataProperties><lineage><Process ToolSource="C:\Program Files\ArcGIS\ArcToolbox\Toolboxes\Data Management Tools.tbx\DefineProjection" Date="20060320" Time="102455">DefineProjection Y:\Data\U_Drive\geog\usa\shapes\dtl_st.shp GEOGCS['GCS_North_American_1983',DATUM['D_North_American_1983',SPHEROID['GRS_1980',6378137.0,298.257222101]],PRIMEM['Greenwich',0.0],UNIT['Degree',0.0174532925199433]] Y:\Data\U_Drive\geog\usa\shapes\dtl_st.shp</Process><Process ToolSource="C:\Program Files (x86)\ArcGIS\Desktop10.0\ArcToolbox\Toolboxes\Data Management Tools.tbx\CalculateField" Date="20130504" Time="103847">CalculateField "U.S. Contiguous States" Vacancy 0 VB #</Process></lineage></DataProperties><MetaID>{780D46B8-C63D-4FDD-8B8C-5E7C108CC20F}</MetaID></Esri><idinfo><citation><citeinfo><onlink Sync="TRUE">\\Nas\geogstud\ClassData\Geog219\Projections\dtl_st</onlink></citeinfo></citation></idinfo><distInfo><distributor><distorTran><onLineSrc><linkage Sync="TRUE">file://\\Nas\geogstud\ClassData\Geog219\Projections\dtl_st</linkage><protocol Sync="TRUE">Local Area Network</protocol></onLineSrc></distorTran></distributor></distInfo><dataqual><lineage><procstep><procdesc Sync="TRUE">Dataset copied.</procdesc><srcused Sync="TRUE">Y:\Data\U_Drive\geog\usa\dtl_st</srcused><procdate Sync="TRUE">20110201</procdate><proctime Sync="TRUE">14564900</proctime></procstep></lineage></dataqual></metadata>
